<?xml version="1.0"?>
<metadata xml:lang="en"><Esri><CreaDate>20230815</CreaDate><CreaTime>20275300</CreaTime><ArcGISFormat>1.0</ArcGISFormat><SyncOnce>TRUE</SyncOnce><ModDate>20230815</ModDate><ModTime>210841</ModTime><scaleRange><minScale>150000000</minScale><maxScale>5000</maxScale></scaleRange><ArcGISProfile>ItemDescription</ArcGISProfile></Esri><toolbox name="LAMS_KMLExporter" alias="KMLExporter"><arcToolboxHelpPath>c:\program files\arcgis\pro\Resources\Help\gp</arcToolboxHelpPath><toolsets/></toolbox><dataIdInfo><idCitation><resTitle>LAMS_KMLExporter</resTitle></idCitation><idPurp>LAMS KML Exporter</idPurp><idAbs>&lt;DIV STYLE="text-align:Left;"&gt;&lt;P&gt;&lt;SPAN&gt;LAMS KML Exporter&lt;/SPAN&gt;&lt;/P&gt;&lt;/DIV&gt;</idAbs><idCredit>LAMS Adani</idCredit><searchKeys><keyword>LAMS KML Exporter</keyword></searchKeys></dataIdInfo><distInfo><distributor><distorFormat><formatName>ArcToolbox Toolbox</formatName></distorFormat></distributor></distInfo><mdHrLv><ScopeCd value="005"></ScopeCd></mdHrLv><mdDateSt Sync="TRUE">20230815</mdDateSt></metadata>
