fid,id,field_id,field_no,request_id,proposal_i,business_n,company_na,company_co,plant_code,state,site,district,tehshil,village,survey_no,parcel_are,land_type,seller_nam,acquired_s,sale_deed_,mutation_s,na_status,tsr_status,free_hold_,lease_area,used_area,unused_are
1,71F2DED0-DEA8-405C-BD3D-E3D628FC1DC5,,,1,1,Airport,Ahmedabad Airport,,,Gujrat,Hansol,Ahmedabad,Ahmedabad,Hansol,119,50,private,Rahul,yes,yes,yes,yes,yes,,,,
2,71F2DED0-DEA8-405C-BD3D-E3D628FC1DC10,,,1,1,Airport,Ahmedabad Airport,,,Gujrat,Hansol,Ahmedabad,Ahmedabad,Hansol,112,100,leese,Vikas,yes,yes,yes,na,no,,,,
3,B02A661D-B3D4-4718-AD89-A3620405AC16,,,1,1,Airport,Ahmedabad Airport,,,Gujrat,Hansol,Ahmedabad,Ahmedabad,Hansol,117,100,leese,Deepak,yes,yes,yes,no,no,,,,
4,71F2DED0-DEA8-405C-BD3D-E3D628FC1DC6,,,1,1,Airport,Ahmedabad Airport,,,Gujrat,Hansol,Ahmedabad,Ahmedabad,Hansol,118,100,private,Roshan,yes,no,no,no,no,,,,
7,71F2DED0-DEA8-405C-BD3D-E3D628FC1DC11,,,2,2,Airport,Mumbai Airport,,,Maharastra,Vile Parle,Mumbai,Mumbai,Vile Parle,226,100,leese,Gaurav,yes,yes,yes,yes,yes,,,,
8,B02A661D-B3D4-4718-AD89-A3620405AC27,,,2,2,Airport,Mumbai Airport,,,Maharastra,Vile Parle,Mumbai,Mumbai,Vile Parle,229,50,leese,Vishal,yes,yes,yes,na,no,,,,
9,71F2DED0-DEA8-405C-BD3D-E3D628FC1DC8,,,2,2,Airport,Mumbai Airport,,,Maharastra,Vile Parle,Mumbai,Mumbai,Vile Parle,226,100,private,Narang,yes,yes,yes,no,no,,,,
10,B02A661D-B3D4-4718-AD89-A3620405AC22,,,2,2,Airport,Mumbai Airport,,,Maharastra,Vile Parle,Mumbai,Mumbai,Vile Parle,223,50,private,Shaekhar,no,no,no,no,no,,,,
13,71F2DED0-DEA8-405C-BD3D-E3D628FC1DC15,,,3,3,Energy and Utility,Adani Green Energy Ltd,,,Rajasthan,Madhopura,Jaisalmer,Jaisalmer,Madhopura,56,50,private,Prakash,yes,yes,yes,yes,yes,,,,
14,B02A661D-B3D4-4718-AD89-A3620405AC18,,,3,3,Energy and Utility,Adani Green Energy Ltd,,,Rajasthan,Madhopura,Jaisalmer,Jaisalmer,Madhopura,54,100,leese,Anand,yes,yes,yes,na,no,,,,
15,71F2DED0-DEA8-405C-BD3D-E3D628FC1DC14,,,3,3,Energy and Utility,Adani Green Energy Ltd,,,Rajasthan,Madhopura,Jaisalmer,Jaisalmer,Madhopura,58,50,private,Vishwash,yes,yes,yes,no,no,,,,
16,71F2DED0-DEA8-405C-BD3D-E3D628FC1DC16,,,3,3,Energy and Utility,Adani Green Energy Ltd,,,Rajasthan,Madhopura,Jaisalmer,Jaisalmer,Madhopura,52,100,private,Aarav,no,no,no,no,no,,,,
19,B02A661D-B3D4-4718-AD89-A3620405AC25,,,4,4,Energy and Utility,Adani Transmission Ltd,,,Madhya Pradesh,Baksipura,Gwalior,Gwalior,Baksipura,94,100,private,Narendra,yes,yes,yes,yes,yes,,,,
20,71F2DED0-DEA8-405C-BD3D-E3D628FC1DC12,,,4,4,Energy and Utility,Adani Transmission Ltd,,,Madhya Pradesh,Baksipura,Gwalior,Gwalior,Baksipura,95,50,leese,Saurabh,yes,yes,yes,na,no,,,,
21,B02A661D-B3D4-4718-AD89-A3620405AC28,,,4,4,Energy and Utility,Adani Transmission Ltd,,,Madhya Pradesh,Baksipura,Gwalior,Gwalior,Baksipura,88,50,leese,Rajendra,yes,yes,yes,no,no,,,,
22,71F2DED0-DEA8-405C-BD3D-E3D628FC1DC9,,,4,4,Energy and Utility,Adani Transmission Ltd,,,Madhya Pradesh,Baksipura,Gwalior,Gwalior,Baksipura,93,100,leese,Viral,no,no,no,no,no,,,,
25,B02A661D-B3D4-4718-AD89-A3620405AC23,,,5,5,Transportation and Logistics,Adani Ports & SEZ Ltd,,,Gujrat,Mundra,Mundra,Mundra,Mundra,213,50,private,Jayesh,yes,yes,yes,yes,yes,,,,
26,71F2DED0-DEA8-405C-BD3D-E3D628FC1DC13,,,5,5,Transportation and Logistics,Adani Ports & SEZ Ltd,,,Gujrat,Mundra,Mundra,Mundra,Mundra,215,50,leese,Mahesh,yes,yes,yes,na,no,,,,
27,B02A661D-B3D4-4718-AD89-A3620405AC29,,,5,5,Transportation and Logistics,Adani Ports & SEZ Ltd,,,Gujrat,Mundra,Mundra,Mundra,Mundra,212,100,private,Riken,yes,yes,yes,no,no,,,,
28,B02A661D-B3D4-4718-AD89-A3620405AC24,,,5,5,Transportation and Logistics,Adani Ports & SEZ Ltd,,,Gujrat,Mundra,Mundra,Mundra,Mundra,214,50,private,Avinish,no,no,no,no,no,,,,
