<?xml version="1.0" encoding="UTF-8"?>
<metadata xml:lang="en"><Esri><CreaDate>20230803</CreaDate><CreaTime>00043200</CreaTime><ArcGISFormat>1.0</ArcGISFormat><SyncOnce>TRUE</SyncOnce><DataProperties><lineage><Process ToolSource="c:\program files\arcgis\pro\Resources\ArcToolbox\Toolboxes\Data Management Tools.tbx\DeleteField" Date="20230803" Time="000432">DeleteField sample_land_info Survey_ID "Delete Fields"</Process><Process ToolSource="c:\program files\arcgis\pro\Resources\ArcToolbox\Toolboxes\Data Management Tools.tbx\DeleteField" Date="20230803" Time="000440">DeleteField sample_land_info 'Village Na';'Surey OLD';'Survey New';Mortgage;'Area Mortg';'Type of La' "Delete Fields"</Process><Process ToolSource="c:\program files\arcgis\pro\Resources\ArcToolbox\toolboxes\Data Management Tools.tbx\AddField" Date="20230803" Time="001310">AddField C:\Stuff\DR-AKSHAY\LAMS\DATA\LandParcel\LandParcel\sample_land_info.shp id Text # # # # NULLABLE NON_REQUIRED #</Process><Process ToolSource="c:\program files\arcgis\pro\Resources\ArcToolbox\toolboxes\Data Management Tools.tbx\AddField" Date="20230803" Time="001310">AddField C:\Stuff\DR-AKSHAY\LAMS\DATA\LandParcel\LandParcel\sample_land_info.shp field_id Text # # # # NULLABLE NON_REQUIRED #</Process><Process ToolSource="c:\program files\arcgis\pro\Resources\ArcToolbox\toolboxes\Data Management Tools.tbx\AddField" Date="20230803" Time="001310">AddField C:\Stuff\DR-AKSHAY\LAMS\DATA\LandParcel\LandParcel\sample_land_info.shp field_no Text # # # # NULLABLE NON_REQUIRED #</Process><Process ToolSource="c:\program files\arcgis\pro\Resources\ArcToolbox\toolboxes\Data Management Tools.tbx\AddField" Date="20230803" Time="001310">AddField C:\Stuff\DR-AKSHAY\LAMS\DATA\LandParcel\LandParcel\sample_land_info.shp request_id Text # # # # NULLABLE NON_REQUIRED #</Process><Process ToolSource="c:\program files\arcgis\pro\Resources\ArcToolbox\Toolboxes\Data Management Tools.tbx\DeleteField" Date="20230803" Time="001830">DeleteField sample_land_info request_id "Delete Fields"</Process><Process ToolSource="c:\program files\arcgis\pro\Resources\ArcToolbox\Toolboxes\Data Management Tools.tbx\DeleteField" Date="20230803" Time="001834">DeleteField sample_land_info field_no "Delete Fields"</Process><Process ToolSource="c:\program files\arcgis\pro\Resources\ArcToolbox\Toolboxes\Data Management Tools.tbx\DeleteField" Date="20230803" Time="001837">DeleteField sample_land_info field_id "Delete Fields"</Process><Process ToolSource="c:\program files\arcgis\pro\Resources\ArcToolbox\Toolboxes\Data Management Tools.tbx\DeleteField" Date="20230803" Time="001841">DeleteField sample_land_info id "Delete Fields"</Process><Process ToolSource="c:\program files\arcgis\pro\Resources\ArcToolbox\toolboxes\Data Management Tools.tbx\AddField" Date="20230803" Time="002001">AddField C:\Stuff\DR-AKSHAY\LAMS\DATA\LandParcel\LandParcel\sample_land_info.shp field_id Text # # # # NULLABLE NON_REQUIRED #</Process><Process ToolSource="c:\program files\arcgis\pro\Resources\ArcToolbox\toolboxes\Data Management Tools.tbx\AddField" Date="20230803" Time="002001">AddField C:\Stuff\DR-AKSHAY\LAMS\DATA\LandParcel\LandParcel\sample_land_info.shp field_no Text # # # # NULLABLE NON_REQUIRED #</Process><Process ToolSource="c:\program files\arcgis\pro\Resources\ArcToolbox\toolboxes\Data Management Tools.tbx\AddField" Date="20230803" Time="002001">AddField C:\Stuff\DR-AKSHAY\LAMS\DATA\LandParcel\LandParcel\sample_land_info.shp request_id Text # # # # NULLABLE NON_REQUIRED #</Process><Process ToolSource="c:\program files\arcgis\pro\Resources\ArcToolbox\toolboxes\Data Management Tools.tbx\DeleteField" Date="20230803" Time="002149">DeleteField sample_land_info field_id "Delete Fields"</Process><Process ToolSource="c:\program files\arcgis\pro\Resources\ArcToolbox\toolboxes\Data Management Tools.tbx\DeleteField" Date="20230803" Time="002153">DeleteField sample_land_info field_no "Delete Fields"</Process><Process ToolSource="c:\program files\arcgis\pro\Resources\ArcToolbox\toolboxes\Data Management Tools.tbx\DeleteField" Date="20230803" Time="002157">DeleteField sample_land_info request_id "Delete Fields"</Process><Process ToolSource="c:\program files\arcgis\pro\Resources\ArcToolbox\toolboxes\Data Management Tools.tbx\AddField" Date="20230803" Time="002435">AddField C:\Stuff\DR-AKSHAY\LAMS\DATA\LandParcel\LandParcel\sample_land_info.shp Shape_Leng Text # # # # NULLABLE NON_REQUIRED #</Process><Process ToolSource="c:\program files\arcgis\pro\Resources\ArcToolbox\toolboxes\Data Management Tools.tbx\AddField" Date="20230803" Time="002435">AddField C:\Stuff\DR-AKSHAY\LAMS\DATA\LandParcel\LandParcel\sample_land_info.shp Shape_Area Text # # # # NULLABLE NON_REQUIRED #</Process><Process ToolSource="c:\program files\arcgis\pro\Resources\ArcToolbox\toolboxes\Data Management Tools.tbx\AddField" Date="20230803" Time="002436">AddField C:\Stuff\DR-AKSHAY\LAMS\DATA\LandParcel\LandParcel\sample_land_info.shp proposal_i Text # # # # NULLABLE NON_REQUIRED #</Process><Process ToolSource="c:\program files\arcgis\pro\Resources\ArcToolbox\toolboxes\Data Management Tools.tbx\AddField" Date="20230803" Time="002436">AddField C:\Stuff\DR-AKSHAY\LAMS\DATA\LandParcel\LandParcel\sample_land_info.shp business_n Text # # # # NULLABLE NON_REQUIRED #</Process><Process ToolSource="c:\program files\arcgis\pro\Resources\ArcToolbox\toolboxes\Data Management Tools.tbx\AddField" Date="20230803" Time="002436">AddField C:\Stuff\DR-AKSHAY\LAMS\DATA\LandParcel\LandParcel\sample_land_info.shp company_na Text # # # # NULLABLE NON_REQUIRED #</Process><Process ToolSource="c:\program files\arcgis\pro\Resources\ArcToolbox\toolboxes\Data Management Tools.tbx\AddField" Date="20230803" Time="002436">AddField C:\Stuff\DR-AKSHAY\LAMS\DATA\LandParcel\LandParcel\sample_land_info.shp company_co Text # # # # NULLABLE NON_REQUIRED #</Process><Process ToolSource="c:\program files\arcgis\pro\Resources\ArcToolbox\toolboxes\Data Management Tools.tbx\AddField" Date="20230803" Time="002436">AddField C:\Stuff\DR-AKSHAY\LAMS\DATA\LandParcel\LandParcel\sample_land_info.shp plant_code Text # # # # NULLABLE NON_REQUIRED #</Process><Process ToolSource="c:\program files\arcgis\pro\Resources\ArcToolbox\toolboxes\Data Management Tools.tbx\AddField" Date="20230803" Time="002436">AddField C:\Stuff\DR-AKSHAY\LAMS\DATA\LandParcel\LandParcel\sample_land_info.shp state Text # # # # NULLABLE NON_REQUIRED #</Process><Process ToolSource="c:\program files\arcgis\pro\Resources\ArcToolbox\toolboxes\Data Management Tools.tbx\AddField" Date="20230803" Time="002436">AddField C:\Stuff\DR-AKSHAY\LAMS\DATA\LandParcel\LandParcel\sample_land_info.shp site Text # # # # NULLABLE NON_REQUIRED #</Process><Process ToolSource="c:\program files\arcgis\pro\Resources\ArcToolbox\toolboxes\Data Management Tools.tbx\AddField" Date="20230803" Time="002436">AddField C:\Stuff\DR-AKSHAY\LAMS\DATA\LandParcel\LandParcel\sample_land_info.shp district Text # # # # NULLABLE NON_REQUIRED #</Process><Process ToolSource="c:\program files\arcgis\pro\Resources\ArcToolbox\toolboxes\Data Management Tools.tbx\AddField" Date="20230803" Time="002436">AddField C:\Stuff\DR-AKSHAY\LAMS\DATA\LandParcel\LandParcel\sample_land_info.shp tehshil Text # # # # NULLABLE NON_REQUIRED #</Process><Process ToolSource="c:\program files\arcgis\pro\Resources\ArcToolbox\toolboxes\Data Management Tools.tbx\AddField" Date="20230803" Time="002436">AddField C:\Stuff\DR-AKSHAY\LAMS\DATA\LandParcel\LandParcel\sample_land_info.shp village Text # # # # NULLABLE NON_REQUIRED #</Process><Process ToolSource="c:\program files\arcgis\pro\Resources\ArcToolbox\toolboxes\Data Management Tools.tbx\AddField" Date="20230803" Time="002436">AddField C:\Stuff\DR-AKSHAY\LAMS\DATA\LandParcel\LandParcel\sample_land_info.shp survey_no Text # # # # NULLABLE NON_REQUIRED #</Process><Process ToolSource="c:\program files\arcgis\pro\Resources\ArcToolbox\toolboxes\Data Management Tools.tbx\AddField" Date="20230803" Time="002436">AddField C:\Stuff\DR-AKSHAY\LAMS\DATA\LandParcel\LandParcel\sample_land_info.shp parcel_are Text # # # # NULLABLE NON_REQUIRED #</Process><Process ToolSource="c:\program files\arcgis\pro\Resources\ArcToolbox\toolboxes\Data Management Tools.tbx\AddField" Date="20230803" Time="002436">AddField C:\Stuff\DR-AKSHAY\LAMS\DATA\LandParcel\LandParcel\sample_land_info.shp land_type Text # # # # NULLABLE NON_REQUIRED #</Process><Process ToolSource="c:\program files\arcgis\pro\Resources\ArcToolbox\toolboxes\Data Management Tools.tbx\AddField" Date="20230803" Time="002437">AddField C:\Stuff\DR-AKSHAY\LAMS\DATA\LandParcel\LandParcel\sample_land_info.shp seller_nam Text # # # # NULLABLE NON_REQUIRED #</Process><Process ToolSource="c:\program files\arcgis\pro\Resources\ArcToolbox\toolboxes\Data Management Tools.tbx\AddField" Date="20230803" Time="002437">AddField C:\Stuff\DR-AKSHAY\LAMS\DATA\LandParcel\LandParcel\sample_land_info.shp acquired_s Text # # # # NULLABLE NON_REQUIRED #</Process><Process ToolSource="c:\program files\arcgis\pro\Resources\ArcToolbox\toolboxes\Data Management Tools.tbx\AddField" Date="20230803" Time="002437">AddField C:\Stuff\DR-AKSHAY\LAMS\DATA\LandParcel\LandParcel\sample_land_info.shp sale_deed_ Text # # # # NULLABLE NON_REQUIRED #</Process><Process ToolSource="c:\program files\arcgis\pro\Resources\ArcToolbox\toolboxes\Data Management Tools.tbx\AddField" Date="20230803" Time="002437">AddField C:\Stuff\DR-AKSHAY\LAMS\DATA\LandParcel\LandParcel\sample_land_info.shp mutation_s Text # # # # NULLABLE NON_REQUIRED #</Process><Process ToolSource="c:\program files\arcgis\pro\Resources\ArcToolbox\toolboxes\Data Management Tools.tbx\AddField" Date="20230803" Time="002437">AddField C:\Stuff\DR-AKSHAY\LAMS\DATA\LandParcel\LandParcel\sample_land_info.shp na_status Text # # # # NULLABLE NON_REQUIRED #</Process><Process ToolSource="c:\program files\arcgis\pro\Resources\ArcToolbox\toolboxes\Data Management Tools.tbx\AddField" Date="20230803" Time="002437">AddField C:\Stuff\DR-AKSHAY\LAMS\DATA\LandParcel\LandParcel\sample_land_info.shp tsr_status Text # # # # NULLABLE NON_REQUIRED #</Process><Process ToolSource="c:\program files\arcgis\pro\Resources\ArcToolbox\toolboxes\Data Management Tools.tbx\AddField" Date="20230803" Time="002437">AddField C:\Stuff\DR-AKSHAY\LAMS\DATA\LandParcel\LandParcel\sample_land_info.shp free_hold_ Text # # # # NULLABLE NON_REQUIRED #</Process><Process ToolSource="c:\program files\arcgis\pro\Resources\ArcToolbox\toolboxes\Data Management Tools.tbx\AddField" Date="20230803" Time="002437">AddField C:\Stuff\DR-AKSHAY\LAMS\DATA\LandParcel\LandParcel\sample_land_info.shp lease_area Text # # # # NULLABLE NON_REQUIRED #</Process><Process ToolSource="c:\program files\arcgis\pro\Resources\ArcToolbox\toolboxes\Data Management Tools.tbx\AddField" Date="20230803" Time="002437">AddField C:\Stuff\DR-AKSHAY\LAMS\DATA\LandParcel\LandParcel\sample_land_info.shp used_area Text # # # # NULLABLE NON_REQUIRED #</Process><Process ToolSource="c:\program files\arcgis\pro\Resources\ArcToolbox\toolboxes\Data Management Tools.tbx\AddField" Date="20230803" Time="002437">AddField C:\Stuff\DR-AKSHAY\LAMS\DATA\LandParcel\LandParcel\sample_land_info.shp unused_are Text # # # # NULLABLE NON_REQUIRED #</Process><Process ToolSource="c:\program files\arcgis\pro\Resources\ArcToolbox\Toolboxes\Data Management Tools.tbx\DeleteField" Date="20230803" Time="002457">DeleteField sample_land_info Shape_Leng "Delete Fields"</Process><Process ToolSource="c:\program files\arcgis\pro\Resources\ArcToolbox\Toolboxes\Data Management Tools.tbx\DeleteField" Date="20230803" Time="002501">DeleteField sample_land_info Shape_Area "Delete Fields"</Process><Process ToolSource="c:\program files\arcgis\pro\Resources\ArcToolbox\Toolboxes\Data Management Tools.tbx\DeleteField" Date="20230803" Time="002525">DeleteField sample_land_info proposal_i;business_n;company_na;company_co;plant_code;state;site;district;tehshil "Delete Fields"</Process></lineage></DataProperties></Esri></metadata>
